Stadium,Split,Set,PA,Hits,Singles,Doubles,Homeruns,Strikeoutper,Walkper,xBA,xSLG,xwOBA,BABIP,AVG,Hits/PA,Singles/PA,Doubles/PA,Homeruns/PA,K_rate,Walk_rate,xBA_avg,xSLG_avg,xwOBA_avg,BABIP_avg,AVG_avg,Hits_boost,Singles_boost,Doubles_boost,Homeruns_boost,K_rate_boost,Walk_rate_boost,xBA_avg_boost,xSLG_avg_boost,xwOBA_avg_boost,BABIP_avg_boost,AVG_avg_boost
"ARI","RHH","",6753,1638,1019,358,226,14.7,5.9,0.27,0.438,0.331,0.253,0.248,0.2425588627,0.1508958981,0.05301347549,0.03346660743,0.2001034483,0.07068965517,0.2584344828,0.4086758621,0.321262069,0.3077896552,0.2560689655,1.091977333,1.033369964,1.224103346,1.116645548,0.871791196,1.092730067,1.085386172,1.072549881,1.080379328,1.10111493,1.100152338
"ATL","RHH","",6935,1533,1029,291,192,24.8,12.9,0.268,0.528,0.385,0.321,0.27,0.2210526316,0.1483777938,0.04196106705,0.02768565249,0.2562805281,0.05568316832,0.2299075908,0.3528976898,0.2807557756,0.3056435644,0.2323861386,0.9951582899,1.016125404,0.9688986077,0.9237584255,1.116538021,0.8607578027,0.9655774921,0.9261627865,0.9441598171,1.093437308,0.9984035088
"BAL","RHH","",6124,1410,906,283,193,24.7,5,0.271,0.469,0.34,0.31,0.257,0.2302416721,0.1479425212,0.04621162639,0.03151534944,0.2288767123,0.05973972603,0.2451267123,0.4161952055,0.309880137,0.2828253425,0.2378767123,1.036526492,1.013144557,1.067045802,1.051539948,0.9971477478,0.92346461,1.029495526,1.092284031,1.042102777,1.011805309,1.02199273
"BOS","RHH","",6310,1438,984,267,171,23.1,3.6,0.239,0.396,0.297,0.311,0.254,0.2278922345,0.1559429477,0.04231378764,0.02709984152,0.2396738351,0.06435125448,0.2310860215,0.3677992832,0.288265233,0.2831075269,0.2315089606,1.025949543,1.067933325,0.9770430737,0.9042122791,1.0441876,0.9947502285,0.970526725,0.965271292,0.9694135377,1.012814822,0.9946348776
"CHC","RHH","",6641,1360,913,227,200,8.9,5.8,0.29,0.376,0.317,0.304,0.279,0.2047884355,0.1374792953,0.03418159916,0.03011594639,0.2360511945,0.05374061433,0.2416211604,0.3980136519,0.2990819113,0.263112628,0.2186450512,0.9219383989,0.9414899686,0.7892674367,1.004847519,1.028404832,0.8307295456,1.014772733,1.04456743,1.005789185,0.9412832374,0.939367501
"CIN","RHH","",7300,1591,1007,336,236,22.1,10.1,0.237,0.386,0.315,0.266,0.235,0.2179452055,0.1379452055,0.04602739726,0.03232876712,0.2366511628,0.06910299003,0.2391860465,0.3825647841,0.2997740864,0.2774684385,0.2352059801,0.981168948,0.9446806292,1.062791875,1.078680411,1.031018716,1.068203187,1.004545618,1.004022629,1.008116916,0.9926410302,1.010518429
"CLE","RHH","",5186,1120,726,249,134,31.4,6.9,0.224,0.387,0.3,0.308,0.217,0.2159660625,0.1399922869,0.04801388353,0.02583879676,0.2277859649,0.07229824561,0.2429122807,0.3979298246,0.3066245614,0.2862175439,0.2334,0.9722590311,0.9586995158,1.108660675,0.8621363077,0.9923956858,1.117595872,1.020195245,1.044347429,1.03115453,1.023940882,1.002759374
"COL","RHH","",7773,2032,1330,408,247,22.8,6.5,0.276,0.469,0.343,0.369,0.31,0.261417728,0.1711051074,0.05248938634,0.03177666281,0.1843853821,0.06986046512,0.2635880399,0.4218471761,0.3246478405,0.3164352159,0.2760398671,1.176878182,1.171767297,1.212001908,1.06025892,0.8033122574,1.079912337,1.107030341,1.107117353,1.091765415,1.132044352,1.185953575
"CHW","RHH","",6929,1480,1006,288,176,23.3,3.6,0.265,0.426,0.313,0.3,0.248,0.2135950354,0.1451868957,0.04156443931,0.02540049069,0.2198694158,0.07641924399,0.2430309278,0.3886357388,0.306185567,0.2794845361,0.2384158076,0.9615848886,0.9942733962,0.9597403071,0.8475118041,0.9579056364,1.181298811,1.020693545,1.019955554,1.029678226,0.9998536024,1.024308852
"DET","RHH","",6519,1405,935,265,191,26.7,9,0.233,0.463,0.334,0.302,0.252,0.2155238534,0.143426906,0.0406504065,0.02929897224,0.2369031142,0.06336678201,0.2298581315,0.3531799308,0.2833391003,0.2622768166,0.2209965398,0.970268247,0.9822205803,0.9386349068,0.9775883907,1.032116393,0.9795321224,0.9653697706,0.9269035143,0.9528473372,0.9382931292,0.9494702312
"HOU","RHH","",7933,1759,1161,332,249,17.4,6.4,0.265,0.419,0.322,0.319,0.292,0.2217320055,0.146350687,0.04185049792,0.03138787344,0.2624591837,0.06749659864,0.2207959184,0.3453979592,0.2797244898,0.2564829932,0.2070442177,0.998216768,1.002243308,0.9663455201,1.047286589,1.143456585,1.043371376,0.927309831,0.9064801091,0.9406916833,0.9175657741,0.8895266931
"KCR","RHH","",6861,1548,995,338,179,15.4,7.2,0.323,0.592,0.417,0.367,0.334,0.225623087,0.1450225915,0.04926395569,0.02608949133,0.2149621993,0.06884536082,0.243024055,0.4017216495,0.3091099656,0.2692817869,0.2266116838,1.015734053,0.9931482031,1.137525364,0.8705009731,0.936526354,1.064220721,1.02066468,1.054298889,1.039512751,0.9633533522,0.9735946457
"LAA","RHH","",7599,1654,1062,303,267,27.9,9.9,0.22,0.405,0.31,0.246,0.206,0.2176602184,0.139755231,0.03987366759,0.03513620213,0.2346797386,0.07099346405,0.2282026144,0.3620065359,0.2884542484,0.2939117647,0.2405882353,0.979885963,0.9570761017,0.92069968,1.172353181,1.022429807,1.097426385,0.9584168463,0.9500685093,0.9700491817,1.051466893,1.033642281
"LAD","RHH","",6547,1450,902,272,264,24.3,7.7,0.259,0.506,0.356,0.282,0.257,0.221475485,0.1377730258,0.04154574614,0.04032381243,0.2349087719,0.07325263158,0.2403614035,0.3881333333,0.3018280702,0.2898245614,0.2356385965,0.9970619363,0.9435015031,0.959308674,1.345442788,1.023427637,1.132348897,1.009481942,1.018637016,1.015024303,1.036844957,1.012377085
"MIA","RHH","",7057,1566,1044,323,172,16.4,6.7,0.281,0.426,0.332,0.288,0.254,0.2219073261,0.1479382174,0.04577015729,0.02437296302,0.2223309859,0.06455633803,0.2466232394,0.3929225352,0.3067992958,0.291834507,0.2414366197,0.9990060446,1.013115083,1.056852096,0.8132273548,0.9686299651,0.9979204372,1.035780716,1.031206043,1.031742148,1.044035521,1.037287205
"MIL","RHH","",6797,1420,920,268,218,19.8,13.4,0.271,0.451,0.36,0.328,0.28,0.2089156981,0.1353538326,0.03942915992,0.03207297337,0.2361683849,0.05904123711,0.2322680412,0.3748659794,0.291652921,0.2600446735,0.2198453608,0.9405189496,0.926934309,0.910435812,1.070145607,1.028915396,0.9126672757,0.975491031,0.9838174918,0.9808060687,0.9303076559,0.9445244064
"MIN","RHH","",6684,1538,981,346,193,25.6,7.5,0.258,0.514,0.361,0.327,0.276,0.2301017355,0.1467684022,0.05176540993,0.02887492519,0.2464471831,0.06210915493,0.2258169014,0.3719964789,0.2870352113,0.2955211268,0.2465246479,1.03589651,1.005103918,1.19528499,0.9634396533,1.073697062,0.9600915563,0.9483972087,0.9762866276,0.9652770704,1.057224372,1.059146965
"NYM","RHH","",6872,1454,933,280,222,22,8.8,0.281,0.572,0.395,0.304,0.277,0.2115832363,0.1357683353,0.04074505239,0.03230500582,0.2376040956,0.07919112628,0.2318259386,0.3827167235,0.302552901,0.2538430034,0.2134573379,0.9525279574,0.9297729192,0.9408203199,1.077887593,1.03517036,1.224146935,0.973634266,1.004421387,1.017461853,0.9081212326,0.9170794626
"NYY","RHH","",6346,1330,817,260,237,25.1,15.7,0.306,0.733,0.478,0.363,0.324,0.2095808383,0.128742515,0.0409706902,0.03734635991,0.248420339,0.07435254237,0.2241966102,0.3700847458,0.2920305085,0.2522677966,0.2077525424,0.9435133487,0.881658479,0.9460303915,1.246097221,1.082293515,1.149351464,0.9415922279,0.9712693772,0.9820758661,0.9024859434,0.8925698774
"ATH","RHH","",3853,915,572,200,134,19.6,10.7,0.28,0.489,0.366,0.323,0.285,0.2374772904,0.1484557488,0.05190760446,0.03477809499,0.2186124402,0.074215311,0.2411244019,0.4009186603,0.3065741627,0.276937799,0.2406363636,1.069100569,1.016659257,1.198568321,1.160404592,0.9524293676,1.147230123,1.012686421,1.052191483,1.030985043,0.9907426718,1.033849055
"PHI","RHH","",6839,1594,1080,298,190,19.9,6.7,0.274,0.445,0.334,0.311,0.272,0.233075011,0.1579178242,0.04357362187,0.02778183945,0.2476757679,0.06048805461,0.2262389078,0.3505358362,0.2796450512,0.2872696246,0.2307440273,1.049281918,1.081457736,1.006133174,0.926967796,1.079049641,0.9350323724,0.9501695726,0.9199642168,0.9404245374,1.027704692,0.9913484852
"PIT","RHH","",7462,1641,1134,335,152,23.6,12,0.257,0.434,0.344,0.294,0.236,0.2199142321,0.1519699812,0.04489413026,0.02036987403,0.2155508197,0.0652295082,0.2458163934,0.3899278689,0.3048459016,0.2994360656,0.2468754098,0.9900333219,1.040725533,1.036624265,0.6796604403,0.9390907978,1.008326391,1.032392084,1.023346687,1.025173036,1.071230033,1.060653948
"SDP","RHH","",6441,1387,921,244,211,19.7,6.6,0.281,0.503,0.359,0.302,0.275,0.215339233,0.1429902189,0.03788231641,0.03275888837,0.2562355072,0.05863768116,0.230442029,0.3763333333,0.28975,0.2792717391,0.2244275362,0.9694371036,0.9792300465,0.8747185476,1.093031821,1.116341878,0.9064290542,0.9678220527,0.9876684907,0.9744066936,0.9990923231,0.9642108646
"SEA","RHH","",6191,1190,785,209,186,25.3,6.1,0.267,0.437,0.331,0.299,0.238,0.1922145049,0.1267969633,0.03375868196,0.03004361169,0.2497706093,0.04753046595,0.2192867384,0.3349175627,0.2646953405,0.2485232975,0.2032544803,0.8653317386,0.868334892,0.7795021014,1.002434002,1.088176241,0.734732248,0.9209715006,0.8789748194,0.8901498242,0.889090029,0.8732447964
"SFG","RHH","",7024,1578,1062,327,166,23.4,6.8,0.249,0.443,0.326,0.316,0.261,0.2246583144,0.1511958998,0.0465546697,0.0236332574,0.2277370242,0.06423529412,0.2323252595,0.3655397924,0.2879411765,0.2895467128,0.2319584775,1.011390737,1.035424444,1.074966816,0.7885463656,0.9921824658,0.9929576979,0.9757313393,0.9593413686,0.9683237609,1.035850956,0.9965661429
"STL","RHH","",6692,1534,1045,309,162,16.9,6,0.249,0.365,0.293,0.292,0.256,0.2292289301,0.1561566049,0.04617453676,0.02420800956,0.1896344828,0.05734137931,0.2556965517,0.396837931,0.3073172414,0.2850241379,0.2518275862,1.031967222,1.069396499,1.066189387,0.8077235242,0.8261810276,0.8863906482,1.073887271,1.041481808,1.033483959,1.019671482,1.081930046
"TBR","RHH","",3155,736,496,113,121,13.2,9,0.302,0.503,0.379,0.31,0.307,0.2332805071,0.1572107765,0.03581616482,0.0383518225,0.2210588235,0.05260427807,0.2519251337,0.3907754011,0.3040160428,0.2875561497,0.2521818182,1.050207043,1.07661571,0.8270102422,1.279645448,0.963087532,0.8131639089,1.058047879,1.025570994,1.022382285,1.028729733,1.083451937
"TEX","RHH","",6752,1375,925,253,183,17.4,9.8,0.245,0.401,0.32,0.242,0.222,0.2036433649,0.1369964455,0.03747037915,0.02710308057,0.2308694268,0.05917834395,0.2292643312,0.3636847134,0.2866878981,0.2511719745,0.2081815287,0.9167833983,0.9381833017,0.8652067437,0.904320353,1.005829412,0.9147866913,0.9628758982,0.9544728042,0.9641090833,0.898565649,0.8944129367
"TOR","RHH","",7107,1645,1088,312,233,13.9,10.7,0.315,0.561,0.409,0.316,0.301,0.2314619389,0.1530885043,0.04390037991,0.03278457858,0.2179268293,0.06199651568,0.2395574913,0.3847944251,0.2983623693,0.2698118467,0.2305749129,1.042020019,1.048385437,1.013678154,1.093888999,0.9494423648,0.9583503638,1.006105631,1.009874214,1.003369421,0.9652496366,0.9906219168
"WAS","RHH","",6353,1423,992,252,158,20.4,6.7,0.261,0.332,0.294,0.31,0.246,0.2239886668,0.1561467023,0.03966629939,0.02487014009,0.2063084416,0.06417857143,0.2535681818,0.3991103896,0.311974026,0.2838409091,0.2426266234,1.008376046,1.069328684,0.9159114614,0.8298161462,0.8988245058,0.992080871,1.064948435,1.047445765,1.049144363,1.015438491,1.042399833
"ARI","LHH","",5670,1269,799,273,136,20.1,10.5,0.274,0.498,0.371,0.302,0.268,0.2238095238,0.1409171076,0.04814814815,0.02398589065,0.2138274112,0.0753857868,0.2498121827,0.3875786802,0.3054365482,0.3027461929,0.2410101523,1.025279337,1.00761455,1.142908197,0.7561764199,0.9253889314,0.9225983639,1.049787268,1.003088124,0.9998257773,1.085456105,1.04405473
"ATL","LHH","",5033,1119,739,197,165,25,9.7,0.25,0.448,0.339,0.319,0.261,0.2223326048,0.146830916,0.03914166501,0.03278362805,0.2484393939,0.09425252525,0.2280505051,0.3752575758,0.3030959596,0.2681363636,0.2195707071,1.018513519,1.049900681,0.9291183882,1.033532874,1.075180511,1.153496293,0.9583380368,0.9712000094,0.9921640196,0.9613671773,0.9511791645
"BAL","LHH","",6041,1351,850,236,237,23.1,8.6,0.287,0.485,0.365,0.33,0.284,0.2236384705,0.1407051813,0.03906637974,0.03923191525,0.2175116279,0.08117209302,0.2385116279,0.3925116279,0.3075534884,0.2835209302,0.2426046512,1.024495735,1.006099191,0.9273313173,1.236820831,0.9413332548,0.9934132599,1.002298878,1.015855032,1.006755437,1.016526489,1.050962091
"BOS","LHH","",5878,1342,835,327,158,21.4,8.9,0.282,0.449,0.353,0.354,0.288,0.2283089486,0.1420551208,0.05563116706,0.02687989112,0.2006342593,0.08455092593,0.2484490741,0.390162037,0.3160092593,0.3022314815,0.2476296296,1.045891361,1.015751806,1.320535043,0.8474123445,0.8682924316,1.034764632,1.044059069,1.009774082,1.034434828,1.083610676,1.072730272
"CHC","LHH","",4968,1063,699,186,147,28.2,10.3,0.227,0.427,0.326,0.303,0.236,0.2139694042,0.1407004831,0.03743961353,0.02958937198,0.2293910891,0.07342079208,0.2460792079,0.3962772277,0.3065792079,0.2887574257,0.2386930693,0.9802014011,1.006065597,0.8887162405,0.9328311254,0.9927444459,0.898550052,1.034100165,1.02560074,1.003566196,1.035301246,1.034017139
"CIN","LHH","",4688,1022,633,206,164,17.7,10.6,0.237,0.32,0.3,0.27,0.233,0.218003413,0.1350255973,0.04394197952,0.03498293515,0.2341306533,0.08979899497,0.2376180905,0.3878190955,0.3102663317,0.2853165829,0.2390100503,0.9986813378,0.9654878583,1.04306501,1.102867975,1.013256036,1.098992388,0.9985439596,1.003710341,1.015635745,1.022964563,1.035390298
"CLE","LHH","",6452,1348,859,263,211,9.6,9.2,0.271,0.363,0.314,0.291,0.281,0.2089274644,0.1331370118,0.04076255425,0.03270303782,0.2421627907,0.08486046512,0.2337255814,0.3882372093,0.3065116279,0.2646976744,0.2152093023,0.9571040965,0.9519837051,0.9675939613,1.030992195,1.048017019,1.038552884,0.9821864449,1.004792456,1.003344978,0.9490382157,0.9322855818
"COL","LHH","",4720,1178,749,222,168,28.5,11.9,0.244,0.444,0.342,0.321,0.248,0.2495762712,0.1586864407,0.04703389831,0.03559322034,0.169095,0.099075,0.268135,0.429415,0.3409,0.323785,0.29313,1.143317717,1.134672498,1.116458888,1.122107756,0.7317987928,1.212515473,1.126785356,1.111364244,1.115912976,1.160887943,1.26983764
"CHW","LHH","",5179,1089,705,198,167,15.8,8,0.26,0.455,0.335,0.271,0.265,0.2102722533,0.1361266654,0.03823131879,0.03224560726,0.2175275229,0.1017798165,0.2376743119,0.3981788991,0.3185550459,0.2685,0.233646789,0.9632646224,0.9733609425,0.9075092048,1.016571292,0.9414020443,1.24561799,0.9987802195,1.030522435,1.042768288,0.962670947,1.012156678
"DET","LHH","",5414,1184,747,207,173,28.5,7,0.251,0.484,0.34,0.335,0.264,0.2186922793,0.1379756188,0.03823420761,0.03195419283,0.2301981567,0.0733640553,0.2448525346,0.3858341014,0.3053087558,0.2720552995,0.2235345622,1.001837059,0.9865817101,0.9075777777,1.007384195,0.9962372226,0.8978556869,1.028945308,0.9985729992,0.9994074574,0.9754179994,0.9683505644
"HOU","LHH","",4058,879,564,151,152,14.7,9.9,0.292,0.534,0.389,0.312,0.292,0.2166091671,0.1389847215,0.0372104485,0.03745687531,0.2649402985,0.09207462687,0.2210149254,0.3638358209,0.2936915423,0.2745522388,0.2240895522,0.9922942481,0.9937972048,0.8832764759,1.180861127,1.146592097,1.126842389,0.9287723771,0.9416394911,0.9613792988,0.9843704422,0.9707547783
"KCR","LHH","",5070,1139,737,242,119,13.7,8,0.274,0.468,0.347,0.289,0.279,0.2246548323,0.1453648915,0.04773175542,0.02347140039,0.2214880383,0.07432057416,0.2495645933,0.4064832536,0.3143157895,0.2905550239,0.2401483254,1.029151725,1.039418011,1.133024148,0.7399566594,0.9585421155,0.9095619086,1.048746822,1.052014843,1.02889137,1.041746294,1.0403213
"LAA","LHH","",4407,928,600,167,146,14.9,9.6,0.263,0.381,0.322,0.273,0.244,0.2105740867,0.1361470388,0.03789425913,0.03312911278,0.212437788,0.1024193548,0.2319493088,0.3805576037,0.3121474654,0.2721152074,0.2329907834,0.9646473316,0.9735066207,0.8995083106,1.044424585,0.919375007,1.253444889,0.9747220035,0.9849169535,1.021793509,0.975632791,1.009314866
"LAD","LHH","",5441,1144,682,230,211,23.4,11.2,0.307,0.669,0.446,0.335,0.309,0.2102554677,0.1253446058,0.04227164124,0.0387796361,0.2518095238,0.07205238095,0.2276666667,0.3727,0.2933761905,0.2567619048,0.2085761905,0.963187727,0.8962648374,1.003415648,1.222562331,1.089765549,0.8818029446,0.9567250304,0.9645807757,0.9603470161,0.9205855718,0.9035509756
"MIA","LHH","",5195,1211,785,231,162,20.7,7.9,0.295,0.546,0.385,0.331,0.284,0.2331087584,0.1511068335,0.04446583253,0.03118383061,0.2063451777,0.08859390863,0.2415380711,0.4096852792,0.3162538071,0.2918426396,0.2504111675,1.067879459,1.080475228,1.055499878,0.9830978439,0.893007788,1.084244108,1.015016918,1.06030197,1.035235339,1.046362869,1.084779879
"MIL","LHH","",5083,1074,738,163,142,20,9.8,0.263,0.382,0.32,0.302,0.25,0.2112925438,0.1451898485,0.03206767657,0.02793625812,0.272751269,0.07649746193,0.2160964467,0.3458832487,0.2811319797,0.2624467005,0.2076751269,0.9679386089,1.038166383,0.7612008318,0.8807152485,1.180395928,0.9362034438,0.908103424,0.8951766363,0.9202664244,0.9409676489,0.8996475729
"MIN","LHH","",5603,1251,815,232,185,22.1,10.1,0.262,0.456,0.344,0.307,0.264,0.2232732465,0.1454577905,0.04140638943,0.03301802606,0.2380048309,0.06603381643,0.2406183575,0.3967874396,0.3030241546,0.308468599,0.2550289855,1.022822631,1.040082277,0.9828768858,1.040922478,1.03002246,0.8081455879,1.011152,1.026921214,0.9919289707,1.105973029,1.104784243
"NYM","LHH","",5184,1076,696,204,161,22.9,9.3,0.241,0.412,0.323,0.282,0.244,0.2075617284,0.1342592593,0.03935185185,0.03105709877,0.2342424242,0.09628282828,0.2324848485,0.3607828283,0.2995050505,0.2781919192,0.2308686869,0.9508476118,0.9600082303,0.9341076613,0.9791025106,1.013739751,1.178343871,0.9769725054,0.9337380745,0.9804094228,0.9974200309,1.000121954
"NYY","LHH","",5657,1163,729,211,206,22,10.2,0.242,0.444,0.339,0.247,0.222,0.2055859996,0.1288668906,0.03729892169,0.03641506099,0.2318522167,0.09410344828,0.2314876847,0.3904975369,0.309955665,0.2599753695,0.2196847291,0.9417967286,0.9214506043,0.8853765927,1.148017009,1.003395561,1.151671835,0.972782118,1.010642386,1.014618799,0.9321070209,0.9516731072
"ATH","LHH","",2270,515,304,114,90,22.2,8.8,0.264,0.451,0.344,0.34,0.28,0.2268722467,0.1339207048,0.05022026432,0.03964757709,0.2217651515,0.08978787879,0.2411969697,0.3819166667,0.3096515152,0.2827272727,0.2358106061,1.039309779,0.9575874288,1.19209469,1.249924939,0.9597413889,1.098856344,1.013583506,0.9884343295,1.013623185,1.013680936,1.021530323
"PHI","LHH","",5065,1124,691,197,221,26.5,15.1,0.267,0.573,0.408,0.262,0.249,0.2219151037,0.1364264561,0.03889437315,0.04363277394,0.2419848485,0.07228787879,0.2276666667,0.3629393939,0.2863282828,0.2821414141,0.2312727273,1.016600931,0.9755045677,0.9232483411,1.375561794,1.047246932,0.8846850518,0.9567250304,0.9393194584,0.9372761695,1.011580418,1.001872255
"PIT","LHH","",4687,1017,626,246,127,28.1,10.3,0.26,0.479,0.357,0.334,0.26,0.2169831449,0.1335609132,0.05248559846,0.0270962236,0.2236363636,0.07885353535,0.2401414141,0.4045606061,0.3128838384,0.2834292929,0.2299343434,0.9940074536,0.9550147721,1.245867661,0.8542324172,0.967839504,0.9650379175,1.009147738,1.04703886,1.024203975,1.016197936,0.9960743835
"SDP","LHH","",5249,1121,745,204,153,3.5,2.8,0.305,0.386,0.313,0.293,0.294,0.2135644885,0.1419317965,0.03886454563,0.02914840922,0.2565678392,0.08128643216,0.2145879397,0.3613718593,0.2872964824,0.2564120603,0.2076984925,0.9783464679,1.014869988,0.9225403156,0.9189293843,1.11035829,0.9948125834,0.9017642158,0.9352625392,0.940445505,0.9193312511,0.8997487924
"SEA","LHH","",5468,1089,698,214,168,22.2,10.8,0.255,0.38,0.32,0.284,0.226,0.1991587418,0.1276517922,0.0391367959,0.03072421361,0.2601809524,0.06351904762,0.2411666667,0.3934857143,0.2992809524,0.2662809524,0.2150761905,0.9123532332,0.9127621577,0.9290028086,0.9686080115,1.125994896,0.7773689431,1.013456163,1.018376055,0.9796758528,0.9547148477,0.9317089419
"SFG","LHH","",4970,1087,709,232,111,21.3,10.9,0.249,0.436,0.335,0.307,0.259,0.2187122736,0.1426559356,0.04668008048,0.02233400402,0.2313853659,0.0714,0.2414731707,0.3805121951,0.2984195122,0.2768585366,0.2266829268,1.001928654,1.020047876,1.108060199,0.7040992327,1.001375152,0.8738188719,1.014744187,0.9847994321,0.9768559869,0.9926393654,0.9819892636
"STL","LHH","",5261,1169,792,228,128,11.8,7.1,0.281,0.447,0.346,0.3,0.277,0.2222011025,0.1505417221,0.04333776849,0.02432997529,0.2118928571,0.06592346939,0.2463622449,0.3848928571,0.3009846939,0.2771938776,0.2275816327,1.017911102,1.076434452,1.028722656,0.7670239924,0.9170166892,0.8067951212,1.035289573,0.9961369753,0.9852529347,0.9938416857,0.9858824526
"TBR","LHH","",2841,625,432,105,83,26.2,5,0.253,0.485,0.331,0.27,0.24,0.2199929602,0.1520591341,0.03695881732,0.02921506512,0.2624191176,0.06886764706,0.2342426471,0.3787058824,0.2953308824,0.2886838235,0.2279705882,1.007795524,1.087284565,0.877303425,0.9210307704,1.135681088,0.8428270261,0.9843593131,0.9801245338,0.9667455671,1.035037355,0.9875674061
"TEX","LHH","",5118,1059,694,197,151,20,8.7,0.263,0.395,0.323,0.329,0.277,0.2069167644,0.1355998437,0.03849159828,0.02950371239,0.2330144928,0.07418357488,0.2391207729,0.3918019324,0.3039178744,0.2435120773,0.2026183575,0.9478930088,0.9695939535,0.9136875435,0.9301306309,1.008425586,0.9078852621,1.004858691,1.014018277,0.9948545018,0.8730800822,0.877741674
"TOR","LHH","",4837,1012,600,230,164,27.9,7.7,0.195,0.352,0.273,0.271,0.229,0.2092205913,0.1240438288,0.04755013438,0.03390531321,0.2410333333,0.08476666667,0.2331952381,0.3836047619,0.3044761905,0.2481714286,0.2057142857,0.9584469213,0.8869637539,1.128712951,1.06889499,1.043129024,1.037404945,0.97995778,0.9928032702,0.9966821115,0.8897855649,0.891153219
"WAS","LHH","",5697,1326,879,250,169,19.4,6,0.24,0.379,0.297,0.268,0.231,0.2327540811,0.1542917325,0.0438827453,0.02966473583,0.2113585859,0.08039393939,0.2544545455,0.4092878788,0.3225050505,0.3072777778,0.2513434343,1.06625467,1.10324855,1.041658948,0.9352070373,0.9147045032,0.983889936,1.069295898,1.059273463,1.055698359,1.101703498,1.088818454